Names,Review,Date,Rating
SS,Very stylish and good looking phone with minor hiccups,Reviewed in India on 30 December 2023,4.0
SS,Nice look.. Good performer.. Value for money,Reviewed in India on 28 January 2024,5.0
Placeholder,What Makes the Lava Storm 5G Stand Out Among Other 5G Phones?,Reviewed in India on 30 December 2023,3.0
Placeholder,A very good stock android low end phone,Reviewed in India on 24 January 2024,5.0
Prayag Bhatt,Great Phone from LAVA,Reviewed in India on 9 March 2024,5.0
Amardeep,Budget mobile,Reviewed in India on 6 March 2024,4.0
Anil Dev,Features,Reviewed in India on 26 February 2024,4.0
Ram,Worth buying!!ðŸ”¥ðŸ”¥,Reviewed in India on 6 March 2024,5.0
pushp k.,Good Mobile,Reviewed in India on 28 January 2024,4.0
Ravi Teja Nagabhyrava,Worth for the money,Reviewed in India on 2 January 2024,5.0
Ravi Teja Nagabhyrava,Very stylish and good looking phone with minor hiccups,Reviewed in India on 25 March 2024,5.0
Nikesh Prajapati,Nice look.. Good performer.. Value for money,Reviewed in India on 23 March 2024,3.0
Goutham,What Makes the Lava Storm 5G Stand Out Among Other 5G Phones?,Reviewed in India on 30 December 2023,4.0
SS,A very good stock android low end phone,Reviewed in India on 28 January 2024,4.0
SS,Great Phone from LAVA,Reviewed in India on 30 December 2023,4.0
Placeholder,Budget mobile,Reviewed in India on 24 January 2024,4.0
Placeholder,Features,Reviewed in India on 9 March 2024,4.0
Prayag Bhatt,Worth buying!!ðŸ”¥ðŸ”¥,Reviewed in India on 6 March 2024,5.0
Amardeep,Good Mobile,Reviewed in India on 26 February 2024,3.0
Anil Dev,Worth for the money,Reviewed in India on 6 March 2024,5.0
Ram,Very stylish and good looking phone with minor hiccups,Reviewed in India on 28 January 2024,5.0
pushp k.,Nice look.. Good performer.. Value for money,Reviewed in India on 2 January 2024,4.0
Ravi Teja Nagabhyrava,What Makes the Lava Storm 5G Stand Out Among Other 5G Phones?,Reviewed in India on 25 March 2024,4.0
Ravi Teja Nagabhyrava,A very good stock android low end phone,Reviewed in India on 23 March 2024,5.0
Nikesh Prajapati,Great Phone from LAVA,Reviewed in India on 30 December 2023,4.0
Goutham,Budget mobile,Reviewed in India on 28 January 2024,5.0
SS,Features,Reviewed in India on 30 December 2023,5.0
SS,Worth buying!!ðŸ”¥ðŸ”¥,Reviewed in India on 24 January 2024,3.0
Placeholder,Good Mobile,Reviewed in India on 9 March 2024,4.0
Placeholder,Worth for the money,Reviewed in India on 6 March 2024,4.0
Prayag Bhatt,Very stylish and good looking phone with minor hiccups,Reviewed in India on 26 February 2024,4.0
Amardeep,Nice look.. Good performer.. Value for money,Reviewed in India on 6 March 2024,4.0
Anil Dev,What Makes the Lava Storm 5G Stand Out Among Other 5G Phones?,Reviewed in India on 28 January 2024,4.0
Ram,A very good stock android low end phone,Reviewed in India on 2 January 2024,5.0
pushp k.,Great Phone from LAVA,Reviewed in India on 25 March 2024,3.0
Ravi Teja Nagabhyrava,Budget mobile,Reviewed in India on 23 March 2024,5.0
Ravi Teja Nagabhyrava,Features,Reviewed in India on 30 December 2023,5.0
Nikesh Prajapati,Worth buying!!ðŸ”¥ðŸ”¥,Reviewed in India on 28 January 2024,4.0
Goutham,Good Mobile,Reviewed in India on 30 December 2023,4.0
SS,Worth for the money,Reviewed in India on 24 January 2024,5.0
SS,Very stylish and good looking phone with minor hiccups,Reviewed in India on 9 March 2024,4.0
Placeholder,Nice look.. Good performer.. Value for money,Reviewed in India on 6 March 2024,5.0
Placeholder,What Makes the Lava Storm 5G Stand Out Among Other 5G Phones?,Reviewed in India on 26 February 2024,5.0
Prayag Bhatt,A very good stock android low end phone,Reviewed in India on 6 March 2024,3.0
Amardeep,Great Phone from LAVA,Reviewed in India on 28 January 2024,4.0
Anil Dev,Budget mobile,Reviewed in India on 2 January 2024,4.0
Ram,Features,Reviewed in India on 25 March 2024,4.0
pushp k.,Worth buying!!ðŸ”¥ðŸ”¥,Reviewed in India on 23 March 2024,4.0
Ravi Teja Nagabhyrava,Good Mobile,Reviewed in India on 30 December 2023,4.0
Ravi Teja Nagabhyrava,Worth for the money,Reviewed in India on 28 January 2024,5.0
Nikesh Prajapati,Very stylish and good looking phone with minor hiccups,Reviewed in India on 30 December 2023,3.0
Goutham,Nice look.. Good performer.. Value for money,Reviewed in India on 24 January 2024,5.0
SS,What Makes the Lava Storm 5G Stand Out Among Other 5G Phones?,Reviewed in India on 9 March 2024,5.0
SS,A very good stock android low end phone,Reviewed in India on 6 March 2024,4.0
Placeholder,Great Phone from LAVA,Reviewed in India on 26 February 2024,4.0
Placeholder,Budget mobile,Reviewed in India on 6 March 2024,5.0
Prayag Bhatt,Features,Reviewed in India on 28 January 2024,4.0
Amardeep,Worth buying!!ðŸ”¥ðŸ”¥,Reviewed in India on 2 January 2024,5.0
Anil Dev,Good Mobile,Reviewed in India on 25 March 2024,5.0
Ram,Worth for the money,Reviewed in India on 23 March 2024,3.0
pushp k.,Very stylish and good looking phone with minor hiccups,Reviewed in India on 30 December 2023,4.0
Ravi Teja Nagabhyrava,Nice look.. Good performer.. Value for money,Reviewed in India on 28 January 2024,4.0
Ravi Teja Nagabhyrava,What Makes the Lava Storm 5G Stand Out Among Other 5G Phones?,Reviewed in India on 30 December 2023,4.0
Nikesh Prajapati,A very good stock android low end phone,Reviewed in India on 24 January 2024,4.0
Goutham,Great Phone from LAVA,Reviewed in India on 9 March 2024,4.0
SS,Budget mobile,Reviewed in India on 6 March 2024,5.0
SS,Features,Reviewed in India on 26 February 2024,3.0
Placeholder,Worth buying!!ðŸ”¥ðŸ”¥,Reviewed in India on 6 March 2024,5.0
Placeholder,Good Mobile,Reviewed in India on 28 January 2024,5.0
Prayag Bhatt,Worth for the money,Reviewed in India on 2 January 2024,4.0
Amardeep,Very stylish and good looking phone with minor hiccups,Reviewed in India on 25 March 2024,4.0
Anil Dev,Nice look.. Good performer.. Value for money,Reviewed in India on 23 March 2024,5.0
Ram,What Makes the Lava Storm 5G Stand Out Among Other 5G Phones?,Reviewed in India on 30 December 2023,4.0
pushp k.,A very good stock android low end phone,Reviewed in India on 28 January 2024,5.0
Ravi Teja Nagabhyrava,Great Phone from LAVA,Reviewed in India on 30 December 2023,5.0
Ravi Teja Nagabhyrava,Budget mobile,Reviewed in India on 24 January 2024,3.0
Nikesh Prajapati,Features,Reviewed in India on 9 March 2024,4.0
Goutham,Worth buying!!ðŸ”¥ðŸ”¥,Reviewed in India on 6 March 2024,4.0
SS,Good Mobile,Reviewed in India on 26 February 2024,4.0
SS,Worth for the money,Reviewed in India on 6 March 2024,4.0
Placeholder,Very stylish and good looking phone with minor hiccups,Reviewed in India on 28 January 2024,4.0
Placeholder,Nice look.. Good performer.. Value for money,Reviewed in India on 2 January 2024,5.0
Prayag Bhatt,What Makes the Lava Storm 5G Stand Out Among Other 5G Phones?,Reviewed in India on 25 March 2024,3.0
Amardeep,A very good stock android low end phone,Reviewed in India on 23 March 2024,5.0
Anil Dev,Great Phone from LAVA,Reviewed in India on 30 December 2023,5.0
Ram,Budget mobile,Reviewed in India on 28 January 2024,4.0
pushp k.,Features,Reviewed in India on 30 December 2023,4.0
Ravi Teja Nagabhyrava,Worth buying!!ðŸ”¥ðŸ”¥,Reviewed in India on 24 January 2024,5.0
Ravi Teja Nagabhyrava,Good Mobile,Reviewed in India on 9 March 2024,4.0
Nikesh Prajapati,Worth for the money,Reviewed in India on 6 March 2024,5.0
Goutham,Very stylish and good looking phone with minor hiccups,Reviewed in India on 26 February 2024,5.0
SS,Nice look.. Good performer.. Value for money,Reviewed in India on 6 March 2024,3.0
SS,What Makes the Lava Storm 5G Stand Out Among Other 5G Phones?,Reviewed in India on 28 January 2024,4.0
Placeholder,A very good stock android low end phone,Reviewed in India on 2 January 2024,4.0
Placeholder,Great Phone from LAVA,Reviewed in India on 25 March 2024,4.0
Prayag Bhatt,Budget mobile,Reviewed in India on 23 March 2024,4.0
Amardeep,Features,Reviewed in India on 30 December 2023,4.0
Anil Dev,Worth buying!!ðŸ”¥ðŸ”¥,Reviewed in India on 28 January 2024,5.0
Ram,Good Mobile,Reviewed in India on 30 December 2023,3.0
pushp k.,Worth for the money,Reviewed in India on 24 January 2024,5.0
Ravi Teja Nagabhyrava,Very stylish and good looking phone with minor hiccups,Reviewed in India on 9 March 2024,5.0
Ravi Teja Nagabhyrava,Nice look.. Good performer.. Value for money,Reviewed in India on 6 March 2024,4.0
Nikesh Prajapati,What Makes the Lava Storm 5G Stand Out Among Other 5G Phones?,Reviewed in India on 26 February 2024,4.0
Goutham,A very good stock android low end phone,Reviewed in India on 6 March 2024,5.0
SS,Great Phone from LAVA,Reviewed in India on 28 January 2024,4.0
SS,Budget mobile,Reviewed in India on 2 January 2024,5.0
Placeholder,Features,Reviewed in India on 25 March 2024,5.0
Placeholder,Worth buying!!ðŸ”¥ðŸ”¥,Reviewed in India on 23 March 2024,3.0
Prayag Bhatt,Good Mobile,Reviewed in India on 30 December 2023,4.0
Amardeep,Worth for the money,Reviewed in India on 28 January 2024,4.0
Anil Dev,Very stylish and good looking phone with minor hiccups,Reviewed in India on 30 December 2023,4.0
Ram,Nice look.. Good performer.. Value for money,Reviewed in India on 24 January 2024,4.0
pushp k.,What Makes the Lava Storm 5G Stand Out Among Other 5G Phones?,Reviewed in India on 9 March 2024,4.0
Ravi Teja Nagabhyrava,A very good stock android low end phone,Reviewed in India on 6 March 2024,5.0
Ravi Teja Nagabhyrava,Great Phone from LAVA,Reviewed in India on 26 February 2024,3.0
Nikesh Prajapati,Budget mobile,Reviewed in India on 6 March 2024,5.0
Goutham,Features,Reviewed in India on 28 January 2024,5.0
SS,Worth buying!!ðŸ”¥ðŸ”¥,Reviewed in India on 2 January 2024,4.0
SS,Good Mobile,Reviewed in India on 25 March 2024,4.0
Placeholder,Worth for the money,Reviewed in India on 23 March 2024,5.0
Placeholder,Very stylish and good looking phone with minor hiccups,Reviewed in India on 30 December 2023,4.0
Prayag Bhatt,Nice look.. Good performer.. Value for money,Reviewed in India on 28 January 2024,5.0
Amardeep,What Makes the Lava Storm 5G Stand Out Among Other 5G Phones?,Reviewed in India on 30 December 2023,5.0
Anil Dev,A very good stock android low end phone,Reviewed in India on 24 January 2024,3.0
Ram,Great Phone from LAVA,Reviewed in India on 9 March 2024,4.0
pushp k.,Budget mobile,Reviewed in India on 6 March 2024,4.0
Ravi Teja Nagabhyrava,Features,Reviewed in India on 26 February 2024,4.0
Ravi Teja Nagabhyrava,Worth buying!!ðŸ”¥ðŸ”¥,Reviewed in India on 6 March 2024,4.0
Nikesh Prajapati,Good Mobile,Reviewed in India on 28 January 2024,4.0
Goutham,Worth for the money,Reviewed in India on 2 January 2024,5.0
SS,Very stylish and good looking phone with minor hiccups,Reviewed in India on 25 March 2024,3.0
SS,Nice look.. Good performer.. Value for money,Reviewed in India on 23 March 2024,5.0
Placeholder,What Makes the Lava Storm 5G Stand Out Among Other 5G Phones?,Reviewed in India on 30 December 2023,5.0
Placeholder,A very good stock android low end phone,Reviewed in India on 28 January 2024,4.0
Prayag Bhatt,Great Phone from LAVA,Reviewed in India on 30 December 2023,4.0
Amardeep,Budget mobile,Reviewed in India on 24 January 2024,5.0
Anil Dev,Features,Reviewed in India on 9 March 2024,4.0
pushp k.,Good Mobile,Reviewed in India on 26 February 2024,5.0
Ravi Teja Nagabhyrava,Worth for the money,Reviewed in India on 6 March 2024,3.0
Ravi Teja Nagabhyrava,Very stylish and good looking phone with minor hiccups,Reviewed in India on 28 January 2024,4.0
Nikesh Prajapati,Nice look.. Good performer.. Value for money,Reviewed in India on 2 January 2024,4.0
Goutham,What Makes the Lava Storm 5G Stand Out Among Other 5G Phones?,Reviewed in India on 25 March 2024,4.0
SS,A very good stock android low end phone,Reviewed in India on 23 March 2024,4.0
Placeholder,Budget mobile,Reviewed in India on 28 January 2024,5.0
Placeholder,Features,Reviewed in India on 30 December 2023,3.0
Prayag Bhatt,Worth buying!!ðŸ”¥ðŸ”¥,Reviewed in India on 24 January 2024,5.0
Amardeep,Good Mobile,Reviewed in India on 9 March 2024,5.0
Anil Dev,Worth for the money,Reviewed in India on 6 March 2024,4.0
Ram,Very stylish and good looking phone with minor hiccups,Reviewed in India on 26 February 2024,4.0
pushp k.,Nice look.. Good performer.. Value for money,Reviewed in India on 6 March 2024,5.0
Ravi Teja Nagabhyrava,What Makes the Lava Storm 5G Stand Out Among Other 5G Phones?,Reviewed in India on 28 January 2024,4.0
Ravi Teja Nagabhyrava,A very good stock android low end phone,Reviewed in India on 2 January 2024,5.0
Nikesh Prajapati,Great Phone from LAVA,Reviewed in India on 25 March 2024,5.0
Goutham,Budget mobile,Reviewed in India on 23 March 2024,3.0
SS,Features,Reviewed in India on 30 December 2023,4.0
SS,Worth buying!!ðŸ”¥ðŸ”¥,Reviewed in India on 28 January 2024,4.0
Placeholder,Good Mobile,Reviewed in India on 30 December 2023,4.0
Placeholder,Worth for the money,Reviewed in India on 24 January 2024,4.0
Prayag Bhatt,Very stylish and good looking phone with minor hiccups,Reviewed in India on 9 March 2024,4.0
Amardeep,Nice look.. Good performer.. Value for money,Reviewed in India on 6 March 2024,5.0
Anil Dev,What Makes the Lava Storm 5G Stand Out Among Other 5G Phones?,Reviewed in India on 26 February 2024,3.0
Ram,A very good stock android low end phone,Reviewed in India on 6 March 2024,5.0
pushp k.,Great Phone from LAVA,Reviewed in India on 28 January 2024,5.0
Ravi Teja Nagabhyrava,Budget mobile,Reviewed in India on 2 January 2024,4.0
Ravi Teja Nagabhyrava,Features,Reviewed in India on 25 March 2024,4.0
Nikesh Prajapati,Worth buying!!ðŸ”¥ðŸ”¥,Reviewed in India on 23 March 2024,5.0
SS,Worth for the money,Reviewed in India on 28 January 2024,5.0
SS,Very stylish and good looking phone with minor hiccups,Reviewed in India on 30 December 2023,5.0
Placeholder,Nice look.. Good performer.. Value for money,Reviewed in India on 24 January 2024,3.0
Placeholder,What Makes the Lava Storm 5G Stand Out Among Other 5G Phones?,Reviewed in India on 9 March 2024,4.0
Prayag Bhatt,A very good stock android low end phone,Reviewed in India on 6 March 2024,4.0
Amardeep,Great Phone from LAVA,Reviewed in India on 26 February 2024,4.0
Anil Dev,Budget mobile,Reviewed in India on 6 March 2024,4.0
Ram,Features,Reviewed in India on 28 January 2024,4.0
pushp k.,Worth buying!!ðŸ”¥ðŸ”¥,Reviewed in India on 2 January 2024,5.0
Ravi Teja Nagabhyrava,Good Mobile,Reviewed in India on 25 March 2024,3.0
Ravi Teja Nagabhyrava,Worth for the money,Reviewed in India on 23 March 2024,5.0
Nikesh Prajapati,Very stylish and good looking phone with minor hiccups,Reviewed in India on 30 December 2023,5.0
Goutham,Nice look.. Good performer.. Value for money,Reviewed in India on 28 January 2024,4.0
SS,What Makes the Lava Storm 5G Stand Out Among Other 5G Phones?,Reviewed in India on 30 December 2023,4.0
SS,A very good stock android low end phone,Reviewed in India on 24 January 2024,5.0
Placeholder,Great Phone from LAVA,Reviewed in India on 9 March 2024,4.0
Prayag Bhatt,Features,Reviewed in India on 26 February 2024,5.0
Amardeep,Worth buying!!ðŸ”¥ðŸ”¥,Reviewed in India on 6 March 2024,3.0
Anil Dev,Good Mobile,Reviewed in India on 28 January 2024,4.0
Ram,Worth for the money,Reviewed in India on 2 January 2024,4.0
pushp k.,Very stylish and good looking phone with minor hiccups,Reviewed in India on 25 March 2024,4.0
Ravi Teja Nagabhyrava,Nice look.. Good performer.. Value for money,Reviewed in India on 23 March 2024,4.0
Nikesh Prajapati,A very good stock android low end phone,Reviewed in India on 28 January 2024,5.0
Goutham,Great Phone from LAVA,Reviewed in India on 30 December 2023,3.0
SS,Budget mobile,Reviewed in India on 24 January 2024,5.0
SS,Features,Reviewed in India on 9 March 2024,5.0
Placeholder,Worth buying!!ðŸ”¥ðŸ”¥,Reviewed in India on 6 March 2024,4.0
Placeholder,Good Mobile,Reviewed in India on 26 February 2024,4.0
Prayag Bhatt,Worth for the money,Reviewed in India on 6 March 2024,5.0
Amardeep,Very stylish and good looking phone with minor hiccups,Reviewed in India on 28 January 2024,4.0
Anil Dev,Nice look.. Good performer.. Value for money,Reviewed in India on 2 January 2024,5.0
Ram,What Makes the Lava Storm 5G Stand Out Among Other 5G Phones?,Reviewed in India on 25 March 2024,5.0
pushp k.,A very good stock android low end phone,Reviewed in India on 23 March 2024,3.0
Ravi Teja Nagabhyrava,Great Phone from LAVA,Reviewed in India on 30 December 2023,4.0
Ravi Teja Nagabhyrava,Budget mobile,Reviewed in India on 28 January 2024,4.0
Nikesh Prajapati,Features,Reviewed in India on 30 December 2023,4.0
Goutham,Worth buying!!ðŸ”¥ðŸ”¥,Reviewed in India on 24 January 2024,4.0
SS,Good Mobile,Reviewed in India on 9 March 2024,4.0
SS,Worth for the money,Reviewed in India on 6 March 2024,5.0
Placeholder,Very stylish and good looking phone with minor hiccups,Reviewed in India on 26 February 2024,3.0
Prayag Bhatt,What Makes the Lava Storm 5G Stand Out Among Other 5G Phones?,Reviewed in India on 28 January 2024,5.0
Amardeep,A very good stock android low end phone,Reviewed in India on 2 January 2024,4.0
Anil Dev,Great Phone from LAVA,Reviewed in India on 25 March 2024,4.0
Ram,Budget mobile,Reviewed in India on 23 March 2024,5.0
Ravi Teja Nagabhyrava,Worth buying!!ðŸ”¥ðŸ”¥,Reviewed in India on 28 January 2024,5.0
Ravi Teja Nagabhyrava,Good Mobile,Reviewed in India on 30 December 2023,5.0
Nikesh Prajapati,Worth for the money,Reviewed in India on 24 January 2024,3.0
Goutham,Very stylish and good looking phone with minor hiccups,Reviewed in India on 9 March 2024,4.0
SS,Nice look.. Good performer.. Value for money,Reviewed in India on 6 March 2024,4.0
SS,What Makes the Lava Storm 5G Stand Out Among Other 5G Phones?,Reviewed in India on 26 February 2024,4.0
Placeholder,A very good stock android low end phone,Reviewed in India on 6 March 2024,4.0
Placeholder,Great Phone from LAVA,Reviewed in India on 28 January 2024,4.0
Prayag Bhatt,Budget mobile,Reviewed in India on 2 January 2024,5.0
Amardeep,Features,Reviewed in India on 25 March 2024,3.0
Anil Dev,Worth buying!!ðŸ”¥ðŸ”¥,Reviewed in India on 23 March 2024,5.0
Ram,Good Mobile,Reviewed in India on 30 December 2023,5.0
pushp k.,Worth for the money,Reviewed in India on 28 January 2024,4.0
Ravi Teja Nagabhyrava,Very stylish and good looking phone with minor hiccups,Reviewed in India on 30 December 2023,4.0
Ravi Teja Nagabhyrava,Nice look.. Good performer.. Value for money,Reviewed in India on 24 January 2024,5.0
Nikesh Prajapati,What Makes the Lava Storm 5G Stand Out Among Other 5G Phones?,Reviewed in India on 9 March 2024,4.0
SS,Great Phone from LAVA,Reviewed in India on 26 February 2024,5.0
SS,Budget mobile,Reviewed in India on 6 March 2024,3.0
Placeholder,Features,Reviewed in India on 28 January 2024,4.0
Placeholder,Worth buying!!ðŸ”¥ðŸ”¥,Reviewed in India on 2 January 2024,4.0
Prayag Bhatt,Good Mobile,Reviewed in India on 25 March 2024,4.0
Amardeep,Worth for the money,Reviewed in India on 23 March 2024,4.0
Ram,Nice look.. Good performer.. Value for money,Reviewed in India on 28 January 2024,5.0
pushp k.,What Makes the Lava Storm 5G Stand Out Among Other 5G Phones?,Reviewed in India on 30 December 2023,3.0
Ravi Teja Nagabhyrava,A very good stock android low end phone,Reviewed in India on 24 January 2024,5.0
Ravi Teja Nagabhyrava,Great Phone from LAVA,Reviewed in India on 9 March 2024,5.0
Nikesh Prajapati,Budget mobile,Reviewed in India on 6 March 2024,4.0
Goutham,Features,Reviewed in India on 26 February 2024,4.0
SS,Worth buying!!ðŸ”¥ðŸ”¥,Reviewed in India on 6 March 2024,5.0
SS,Good Mobile,Reviewed in India on 28 January 2024,4.0
Placeholder,Worth for the money,Reviewed in India on 2 January 2024,5.0
